author_id,author_name
7,최인훈
7,최인훈
15,조정래
15,조정래
15,조정래
15,조정래
15,조정래
15,조정래
15,조정래
16,공지영
16,공지영
29,김탁환
29,김탁환
29,김탁환
29,김탁환
36,김중미
37,정이현
38,심윤경
38,심윤경
38,심윤경
38,심윤경
38,심윤경
39,황석영
39,황석영
39,황석영
39,황석영
39,황석영
42,신경숙
42,신경숙
42,신경숙
42,신경숙
42,신경숙
43,이정명
43,이정명
44,김연수
44,김연수
44,김연수
44,김연수
44,김연수
44,김연수
44,김연수
44,김연수
44,김연수
44,김연수
45,이청준
46,김진명
46,김진명
46,김진명
46,김진명
46,김진명
46,김진명
46,김진명
46,김진명
47,배수아
47,배수아
47,배수아
47,배수아
47,배수아
47,배수아
47,배수아
47,배수아
48,권비영
49,김영하
49,김영하
49,김영하
49,김영하
49,김영하
49,김영하
49,김영하
49,김영하
49,김영하
49,김영하
50,정유정
50,정유정
50,정유정
50,정유정
50,정유정
50,정유정
50,정유정
53,김홍신
56,박완서
56,박완서
56,박완서
56,박완서
56,박완서
56,박완서
60,정세랑
60,정세랑
60,정세랑
60,정세랑
60,정세랑
60,정세랑
60,정세랑
60,정세랑
60,정세랑
60,정세랑
60,정세랑
60,정세랑
61,김애란
61,김애란
61,김애란
61,김애란
61,김애란
61,김애란
61,김애란
61,김애란
64,김훈
64,김훈
64,김훈
64,김훈
64,김훈
64,김훈
64,김훈
66,장용민
66,장용민
66,장용민
66,장용민
72,현기영
72,현기영
72,현기영
72,현기영
76,이도우
76,이도우
92,서미애
92,서미애
92,서미애
92,서미애
92,서미애
94,김보영
94,김보영
94,김보영
94,김보영
94,김보영
94,김보영
94,김보영
94,김보영
94,김보영
94,김보영
94,김보영
94,김보영
94,김보영
103,김종광
106,김숨
106,김숨
106,김숨
106,김숨
108,문지혁
108,문지혁
108,문지혁
109,고은규
114,정해연
114,정해연
114,정해연
114,정해연
114,정해연
114,정해연
114,정해연
114,정해연
114,정해연
114,정해연
119,오수완
120,김혜진
120,김혜진
120,김혜진
120,김혜진
120,김혜진
121,고정욱
131,이문열
147,강영숙
147,강영숙
149,정명섭
149,정명섭
152,김재희
155,한승원
157,장은진
157,장은진
157,장은진
159,김은숙
161,곽재식
163,김수연
163,김수연
163,김수연
164,박소연
165,하지은
165,하지은
166,윤현승
166,윤현승
171,김이환
173,한상운
182,박범신
184,윤성희
184,윤성희
184,윤성희
188,안보윤
188,안보윤
188,안보윤
189,배명훈
189,배명훈
189,배명훈
189,배명훈
189,배명훈
189,배명훈
191,은희경
191,은희경
191,은희경
191,은희경
191,은희경
191,은희경
192,조해진
192,조해진
192,조해진
192,조해진
192,조해진
192,조해진
192,조해진
193,한강
193,한강
193,한강
193,한강
193,한강
193,한강
193,한강
193,한강
193,한강
193,한강
193,한강
193,한강
193,한강
193,한강
193,한강
194,정용준
194,정용준
194,정용준
194,정용준
240,조경란
240,조경란
246,엄광용
246,엄광용
246,엄광용
246,엄광용
246,엄광용
246,엄광용
247,이승우
247,이승우
247,이승우
247,이승우
247,이승우
247,이승우
247,이승우
247,이승우
247,이승우
247,이승우
247,이승우
247,이승우
254,성석제
260,천운영
260,천운영
261,이기호
261,이기호
261,이기호
261,이기호
261,이기호
263,편혜영
263,편혜영
263,편혜영
263,편혜영
263,편혜영
263,편혜영
266,윤흥길
266,윤흥길
266,윤흥길
266,윤흥길
266,윤흥길
266,윤흥길
268,윤이형
268,윤이형
268,윤이형
272,김이설
272,김이설
274,윤고은
274,윤고은
278,이장욱
278,이장욱
278,이장욱
278,이장욱
282,구병모
282,구병모
282,구병모
282,구병모
282,구병모
282,구병모
282,구병모
282,구병모
282,구병모
282,구병모
282,구병모
282,구병모
282,구병모
287,권여선
287,권여선
287,권여선
287,권여선
287,권여선
287,권여선
287,권여선
287,권여선
287,권여선
287,권여선
288,김솔
289,박솔뫼
289,박솔뫼
289,박솔뫼
293,정한아
293,정한아
295,정지돈
298,조수경
301,김혜정
301,김혜정
302,박민정
304,백수린
304,백수린
304,백수린
304,백수린
304,백수린
306,김사과
306,김사과
306,김사과
307,손보미
307,손보미
307,손보미
308,박상영
308,박상영
308,박상영
308,박상영
310,송지현
311,우다영
311,우다영
314,강화길
314,강화길
314,강화길
314,강화길
314,강화길
317,서장원
318,김초엽
318,김초엽
318,김초엽
318,김초엽
318,김초엽
318,김초엽
318,김초엽
320,김멜라
320,김멜라
320,김멜라
320,김멜라
320,김멜라
321,서이제
321,서이제
322,이유리
322,이유리
322,이유리
322,이유리
322,이유리
322,이유리
323,임솔아
323,임솔아
323,임솔아
323,임솔아
325,황모과
325,황모과
325,황모과
325,황모과
325,황모과
326,은모든
327,김지연
327,김지연
327,김지연
327,김지연
327,김지연
327,김지연
327,김지연
328,김채원
328,김채원
329,듀나
329,듀나
329,듀나
329,듀나
329,듀나
330,설재인
330,설재인
330,설재인
331,이서수
331,이서수
331,이서수
331,이서수
332,단요
332,단요
332,단요
332,단요
332,단요
332,단요
332,단요
333,이종산
334,성혜령
334,성혜령
334,성혜령
344,문경민
344,문경민
350,싱숑
350,싱숑
350,싱숑
350,싱숑
350,싱숑
350,싱숑
350,싱숑
350,싱숑
350,싱숑
350,싱숑
350,싱숑
350,싱숑
350,싱숑
350,싱숑
350,싱숑
350,싱숑
350,싱숑
350,싱숑
350,싱숑
350,싱숑
351,이선영
362,이현
363,남유하
364,천선란
364,천선란
364,천선란
364,천선란
364,천선란
364,천선란
364,천선란
364,천선란
364,천선란
364,천선란
365,김민서
366,최정원
372,박민규
372,박민규
372,박민규
372,박민규
374,서유미
374,서유미
375,김려령
375,김려령
375,김려령
375,김려령
375,김려령
380,황정은
380,황정은
380,황정은
380,황정은
380,황정은
380,황정은
380,황정은
380,황정은
383,손원평
383,손원평
383,손원평
383,손원평
383,손원평
385,김금희
385,김금희
385,김금희
385,김금희
385,김금희
385,김금희
385,김금희
390,정지아
390,정지아
390,정지아
390,정지아
390,정지아
390,정지아
390,정지아
390,정지아
390,정지아
395,최진영
395,최진영
395,최진영
395,최진영
395,최진영
395,최진영
395,최진영
395,최진영
395,최진영
395,최진영
395,최진영
395,최진영
395,최진영
395,최진영
395,최진영
397,천명관
397,천명관
397,천명관
397,천명관
397,천명관
400,장강명
400,장강명
400,장강명
400,장강명
400,장강명
400,장강명
400,장강명
400,장강명
400,장강명
400,장강명
400,장강명
401,정영수
401,정영수
401,정영수
403,조우리
406,박서련
406,박서련
406,박서련
406,박서련
406,박서련
406,박서련
406,박서련
406,박서련
406,박서련
406,박서련
410,성해나
410,성해나
412,이주란
412,이주란
412,이주란
412,이주란
414,문진영
414,문진영
415,전지영
418,정소연
419,최상희
419,최상희
421,채기성
422,이희영
422,이희영
422,이희영
422,이희영
422,이희영
435,박지영
438,조남주
440,김희선
440,김희선
444,조예은
444,조예은
444,조예은
444,조예은
444,조예은
444,조예은
444,조예은
444,조예은
444,조예은
444,조예은
444,조예은
444,조예은
445,김홍
445,김홍
446,정대건
446,정대건
446,정대건
447,민병훈
448,이희주
448,이희주
448,이희주
448,이희주
474,조선희
505,백영옥
506,김영탁
506,김영탁
515,임하운
530,강지영
530,강지영
530,강지영
530,강지영
530,강지영
540,최은영
540,최은영
540,최은영
540,최은영
540,최은영
540,최은영
540,최은영
540,최은영
540,최은영
540,최은영
543,심너울
543,심너울
543,심너울
545,문보영
546,서윤빈
546,서윤빈
547,김나현
548,이선진
548,이선진
549,박에스더
549,박에스더
549,박에스더
550,남세오
552,이소호
561,김언수
561,김언수
569,도선우
571,차무진
572,전건우
572,전건우
574,전민희
574,전민희
574,전민희
574,전민희
574,전민희
574,전민희
578,김화진
578,김화진
578,김화진
578,김화진
578,김화진
578,김화진
579,전삼혜
587,윤자영
604,임경선
604,임경선
649,박영
674,명소정
674,명소정
681,범유진
681,범유진
682,김소윤
726,최영희
742,박지리
742,박지리
772,조두진
773,김호연
773,김호연
773,김호연
773,김호연
773,김호연
773,김호연
773,김호연
773,김호연
819,이영도
819,이영도
921,추정경
921,추정경
923,임태운
923,임태운
924,정보라
924,정보라
924,정보라
924,정보라
924,정보라
924,정보라
924,정보라
924,정보라
924,정보라
924,정보라
950,이충걸
996,이상훈
999,차인표
999,차인표
999,차인표
1220,하명희
1235,정진영
1243,조창인
1243,조창인
1331,황세연
1331,황세연
1331,황세연
1654,전혜진
1706,이낙준
1707,허태연
1707,허태연
1707,허태연
1708,김준녕
1709,주영하
1710,임진평
1711,예소연
1711,예소연
1711,예소연
1713,이경희
1827,김동식
1827,김동식
1827,김동식
1827,김동식
1827,김동식
1827,김동식
1827,김동식
1827,김동식
1827,김동식
1827,김동식
1827,김동식
1827,김동식
1827,김동식
1827,김동식
1827,김동식
1886,서수진
1892,최도담
1896,김청귤
1896,김청귤
1897,청예
1897,청예
1897,청예
1897,청예
1898,김선미
1898,김선미
1935,하승민
1942,연여름
1942,연여름
1942,연여름
1944,이산화
1965,김이삭
1965,김이삭
1965,김이삭
1965,김이삭
1977,김지현
2003,이종관
2008,오윤희
2008,오윤희
2009,강선우
2033,이미예
2033,이미예
2033,이미예
2033,이미예
2037,리러하
2038,제인도
2038,제인도
2042,임야비
2063,강석희
2063,강석희
2063,강석희
2064,권여름
2064,권여름
2072,백승화
2074,김원우
2075,이경
2076,권석
2084,김세화
2092,배예람
2092,배예람
2113,김아직
2114,최수진
2197,안채윤
2197,안채윤
2238,신유진
2248,김수연
2279,설민석
2279,설민석
2291,권중영
2381,산경
2381,산경
2381,산경
2381,산경
2381,산경
2393,이슬아
2396,김유진
2402,우신영
2403,백희성
2404,김기태
2404,김기태
2404,김기태
2405,권희진
2406,김신회
2407,문미순
2408,이설
2409,장진영
2409,장진영
2409,장진영
2410,표창원
2411,유린
2412,박초은
2413,김보현
2413,김보현
2414,김기창
2415,김지윤
2415,김지윤
2416,김아인
2417,김이정
2418,고수리
2419,안세화
2420,이혁진
2420,이혁진
2420,이혁진
2421,윤정은
2421,윤정은
2422,박연준
2422,박연준
2423,황보름
2424,송희구
2425,김서해
2426,유은지
2427,위수정
2428,이수연
2429,권혁일
2430,강민영
2430,강민영
2431,정수윤
2432,강진아
2433,현찬양
2433,현찬양
2433,현찬양
2434,최연주
2435,남궁인
2436,유영광
2436,유영광
2437,임고을
2438,김의경
2439,백온유
2439,백온유
2440,최영원
2441,이신주
2442,김빵
2442,김빵
2443,이주혜
2443,이주혜
2444,담자연
2445,임선우
2445,임선우
2445,임선우
2446,최윤석
2446,최윤석
2447,이다모
2448,김유나
2449,나연만
2450,김성중
2450,김성중
2450,김성중
2451,장류진
2451,장류진
2451,장류진
2451,장류진
2452,소서림
2453,정문경
2454,이두온
2454,이두온
2455,박애진
2456,전성태
2457,달리
2458,최이아
2459,최재영
2460,이금이
2460,이금이
2460,이금이
2460,이금이
2460,이금이
2461,방현석
2461,방현석
2462,노희경
2463,백승연(스토리플러스)
2464,무경
2465,조혜린
2466,김정혜진
2467,이미상
2467,이미상
2467,이미상
2468,이선주
2469,박해울
2470,이소영
2471,이하진
2471,이하진
2472,김서진
2473,배인경
2474,정은경
2475,철멍뭉(장철훈)
2476,윤슬빛
2477,최난영
2478,최해린
2479,이경혜
2480,강보라
2481,정소현
2481,정소현
2482,오현후
2483,서은채
2484,김윤
2485,고호관
2486,류시화
2486,류시화
2487,오지영
2488,희석
2489,해도연
2489,해도연
2490,이꽃님
2491,이아람
2492,경민선
2493,김갑용
2494,임희강
2495,조용
2495,조용
2496,문유석
2497,신아인
2498,배명은
2498,배명은
2498,배명은
2499,한유리
2500,전하영
2500,전하영
2501,김상균
2502,송호근
2503,썸머
2504,양은애
2505,민지형
2506,세웅
2507,탁경은
2508,정은궐
2508,정은궐
2508,정은궐
2509,김지혜
2510,김송은
2511,한이솔
2512,송유정
2513,최유안
2514,서귤
2515,최미래
2515,최미래
2516,최은미
2516,최은미
2517,박문영
2518,박소영
2518,박소영
2518,박소영
2519,유이제
2520,유재영
2521,이락
2522,조규미
2523,김병운
2523,김병운
2524,김진영
2525,길승수
2525,길승수
2526,신도윤
2527,안담
2528,민경우
2529,조지수
2530,임철우
2532,조원희
2533,정은
2534,도대체
2535,민강
2536,이태제
2537,마태
2538,고상만
2539,권혜영
2540,한정현
2540,한정현
2541,박지음
2542,백신애
2543,홍정기
2544,기에천
2545,이문영
2546,이중욱
2547,부연정
2548,임택수
2549,배준
2550,김혜영
2551,봄비눈
2552,고수유
2553,최나미
2554,최윤
2555,짤짤이
2556,박사랑
2557,김정
2558,오서
2559,원종우
2560,이찬혁
2561,최제훈
2562,임성순
2563,조은오
2564,김민경
2565,이서아
2566,이우연
2567,박시하
2568,권정생
2569,케이시
2570,김하율
2571,문이소
2572,홍락훈
2573,정혁용
2574,시아란
2575,박연선
2577,전리오
2578,김경은
2579,최이도
2580,박소해
2581,정채연
2582,황유미
2583,이시우
2584,성수진
2585,이온화
2586,안윤
2588,연산호
2589,권김현영
2590,박하신
2592,고태라
2593,최지원
2594,이지은
2595,한지승
